{
  "group": "xyz_anicemod_xusknife",
  "type": "minecraft:crafting_shaped",
  "pattern": [
    "012",
    "345",
    "678"
  ],
  "key": {
    "0": {
      "item": "minecraft:gold_ingot"
    },
    "1": {
      "item": "minecraft:diamond"
    },
    "2": {
      "item": "minecraft:gold_ingot"
    },
    "3": {
      "item": "minecraft:diamond_block"
    },
    "4": {
      "item": "xyz_anicemod_xusknife:xusknife"
    },
    "5": {
      "item": "minecraft:diamond_block"
    },
    "6": {
      "item": "minecraft:gold_block"
    },
    "7": {
      "item": "minecraft:diamond"
    },
    "8": {
      "item": "minecraft:gold_block"
    }
  },
  "result": {
    "item": "xyz_anicemod_xusknife:xusknifeupdate",
    "count": 1
  }
}