{
  "_fv": 6,
  "_type": "tool",
  "definition": {
    "renderType": 0,
    "texture": "knife",
    "customModelName": "Normal",
    "name": "Xu 's Knfie (Update)",
    "creativeTab": {
      "value": "COMBAT"
    },
    "toolType": "MultiTool",
    "harvestLevel": 32767,
    "efficiency": 32767.0,
    "attackSpeed": 100.0,
    "enchantability": 96,
    "damageVsEntity": 128000.0,
    "usageCount": 128000,
    "blocksAffected": [],
    "hasGlow": false,
    "repairItems": [
      {
        "value": "Items.IRON_INGOT"
      }
    ]
  }
}